{
  "required": true,
  "minVersion": "0.8",
  "package": "adris.altoclef.mixins",
  "compatibilityLevel": "JAVA_8",
  "mixins": [
    "AbstractFurnaceScreenHandlerAccessor",
    "BlockModifiedByPlayerMixin",
    "ClientBlockBreakAccessor",
    "ClientConnectionAccessor",
    "ClientInteractWithBlockMixin",
    "ClientPlayerInteractionAccessor",
    "ClientUIMixin",
    "DeathScreenAccessor",
    "EntityAccessor",
    "EntityMixin",
    "GameOverlayMixin",
    "ItemStackMixin",
    "MixinFoliageColors",
    "MixinGrassColors",
    "PersistentProjectileEntityAccessor",
    "SlotClickMixin",
    "WorldBlockModifiedMixin"
  ],
  "client": [
    "CameraAccessor",
    "CameraMixin",
    "ChatInputMixin",
    "ChatReadMixin",
    "ClientBlockBreakMixin",
    "ClientOpenScreenMixin",
    "ClientPlayerMixin",
    "ClientPlayNetworkHandlerMixin",
    "ClientTickMixin",
    "CrosshairWaveMixin",
    "EntityTextMixin",
    "EntryMixin",
    "GameRendererMixin",
    "HeldItemMovementMixin",
    "HeldItemRendererMixin",
    "KeyboardMixin",
    "LoadChunkMixin",
    "LogoDrawerMixin",
    "MixinClientPlayNetworkHandler",
    "MixinLightmapTextureManager",
    "MixinLocalPlayer",
    "MixinPlayerEntityModel",
    "PlayerCollidesWithEntityMixin",
    "PlayerEntityRendererMixin",
    "RadarMixin",
    "SkyColorMixin",
    "TimerTestMixin",
    "TitleScreenMixin",
    "WorldRenderMixin"
  ],
  "injectors": {
    "defaultRequire": 1
  }
}