{
  "schemaVersion": 1,
  "id": "altoclef",
  "version": "b0.2.0",
  "name": "Alto Clef",
  "description": "Plays Block Game",
  "authors": [
    "TacoTechnica",
    "James Green",
    "Marvion Kirito"
  ],
  "contact": {
    "homepage": "https://fabricc.net/",
    "sources": "https://github.com/FabricMC/fabric-example-mod"
  },
  "license": "CC0-1.0",
  "icon": "assets/altoclef/icon.png",
  "environment": "*",
  "entrypoints": {
    "main": [
      "adris.altoclef.AltoClef"
    ]
  },
  "mixins": [
    "altoclef.mixins.json"
  ]
}
